TIME_SYSTEM_ON, GAIT_PHASE, GAIT_SUBPHASE, ACTUATOR_POSITION, TORQUE_ESTIMATE, ACTUATOR_SETPOINT, LOADCELL, LINEAR_ACC_X_LOCAL, LINEAR_ACC_Y_LOCAL, LINEAR_ACC_Z_LOCAL, GRAVITY_VECTOR_X, GRAVITY_VECTOR_Y, GRAVITY_VECTOR_Z, KNEE_ANGLE
17002685.00000000, 66.00000000, 17.00000000, 0.00000000, 0.00000000, 0.00000000, -2868.25024414, -31599508984468340736.00000000, -577376714208837632.00000000, 0.00000000, -152024679186432.00000000, 0.00000000, -0.00000000, -107618312.00000000
351.00000000, 1.00000000, 3.00000000, 32.44171143, -0.49173889, -1.47521663, -0.58612061, 0.01000000, 0.00000000, 0.00000000, -9.78999996, 0.20000000, -0.04000000, 32.33851624
351.00000000, 1.00000000, 3.00000000, 32.50761414, -0.40452692, -1.73708701, -0.32434082, 0.01000000, 0.00000000, -0.04000000, -9.78999996, 0.20000000, -0.04000000, 32.42271423
